start,start_value,end,end_value,pivot,pivot_value,u,u_value,segment,diff
0.5,3.2098970004336014,2.5,0.23897000433601887,1.9500000000000004,0.23561349843138168,2.2220336650500965,0.16017706601435827,2.0,-
1.9500000000000004,0.23561349843138168,2.5,0.23897000433601887,2.2220336650500965,0.16017706601435827,2.222007222321439,0.16017705941970514,0.5499999999999996,0.2749999999999998
1.9500000000000004,0.23561349843138168,2.2220336650500965,0.16017706601435827,2.222007222321439,0.16017705941970514,2.2218982391757454,0.1601770472875928,0.2720336650500961,0.49460666372744777
